peptide_id	target_name	target_role	target_uniprot	iptm_best	iptm_mean	iptm_std	ptm_best	iface_pae_best	n_samples	sec	is_shuffled	shuffle_k	err	dmean	dstd	dn	z	pass	tier	metaP	metaT	s1_best_iptm	s1_best_z	s1_tier	bac_context	has_loci	plen	n_neighbors	receptor_classes	has_cognate	is_orphan	expressed	dual_context	rank_class	tier_n	final_rank
078_038_456	IL7R	receptor	P16871	0.911	0.907	0.002	0.864	7.41	5	1.9	0	-1		0.2588	0.1089401466657519	10.0	5.986773654721314	True	A	0.6438356164383562	4				high	True	74	35		False	True	True	False	1.0	0	1
283_075_895	IL7R	receptor	P16871	0.814	0.8	0.012	0.821	11.86	5	2.0	0	-1		0.2206	0.1200797882891019	10.0	4.941714242294802	True	A	0.2162162162162162	28	0.647	4.443005615435784	B_moderate	low	True	74	159		False	True	True	False	1.0	0	2
269_289_576	TNFRSF1B	receptor	P20333	0.796	0.784	0.013	0.688	13.41	5	2.3	0	-1		0.203	0.0901788346687969	10.0	6.575822388678365	True	A	0.1851851851851852	9				medium	True	90	13		False	True	True	False	1.0	0	3
268_980_410	IL10RA	receptor	Q13651	0.739	0.732	0.008	0.826	12.13	5	7.3	0	-1		0.1883	0.05502938608901	10.0	10.007380404157926	True	A	0.1413043478260869	13				medium	True	98	10		False	True	True	False	1.0	0	4
268_961_644	IL7R	receptor	P16871	0.657	0.631	0.029	0.803	13.02	5	7.3	0	-1		0.2141	0.0948384005676088	10.0	4.670049234795599	True	A	0.6	97				medium	True	95	0		False	True	True	False	1.0	0	5
093_326_021	ITGB7	receptor	P26010	0.819	0.81	0.008	0.626	19.17	5	10.6	0	-1		0.1866	0.0801695425679575	10.0	7.888282504093517	False	B	0.9466666666666668	42	0.726	6.643042181192559	B_moderate	low	True	75	3		False	True	True	False	1.0	1	6
135_351_865	ITGA4	receptor	P13612	0.751	0.744	0.005	0.628	20.89	5	17.6	0	-1		0.2299	0.0745496851472597	10.0	6.989969159100526	False	B	0.25	18				medium	True	80	35		False	True	True	False	1.0	1	7
246_552_641	TLR2	receptor	O60603	0.671	0.554	0.21	0.851	18.57	5	7.3	0	-1		0.1520999999999999	0.0337719475962587	10.0	15.364823083448236	False	B	0.2637362637362637	10				high	True	91	26		False	True	True	False	1.0	1	8
124_338_945	IL7R	receptor	P16871	0.629	0.507	0.219	0.76	16.68	5	2.3	0	-1		0.1867	0.0625336353937267	10.0	7.0729935532321635	False	B	0.348314606741573	77				high	True	89	40		False	True	True	False	1.0	1	9
246_552_642	TLR2	receptor	O60603	0.6	0.503	0.172	0.847	20.07	5	7.3	0	-1		0.1572	0.0419677124571841	10.0	10.550968210424829	False	B	0.6352941176470588	6				medium	True	93	13		False	True	True	False	1.0	1	10
272_349_164	IL23R	receptor	Q5VWK5	0.577	0.552	0.017	0.635	28.38	5	3.6	0	-1		0.2206999999999999	0.0794929067415591	10.0	4.482160919821102	False	B	0.1666666666666666	2				medium	True	96	88		False	True	True	False	1.0	1	11
271_056_674	GPR35	receptor	Q9HC97	0.557	0.545	0.008	0.777	17.75	5	3.0	0	-1		0.2813	0.0713474285139664	10.0	3.864189722633536	False	B	0.1904761904761904	2				medium	True	79	35		False	True	True	False	1.0	1	12
272_147_215	IL6R	receptor	P08887	0.798	0.793	0.003	0.753	13.43	5	3.4	0	-1		0.2883	0.1132617911448222	10.0	4.500193709176574	True	A	0.0	85				high	True	68	73		False	True	False	False	2.0	0	13
240_770_555	IL7R	receptor	P16871	0.631	0.614	0.014	0.805	14.63	5	6.7	0	-1		0.2729	0.1141007839100542	10.0	3.1384534595510813	True	A	0.0	22				high	True	70	3		False	True	False	False	2.0	0	14
278_855_146	ITGB7	receptor	P26010	0.808	0.798	0.008	0.645	18.48	5	11.5	0	-1		0.2612	0.0997071266816525	10.0	5.484061352463169	False	B	0.0	3				medium	True	96	60		False	True	False	False	2.0	1	15
281_962_460	GPR35	receptor	Q9HC97	0.782	0.776	0.008	0.654	26.21	5	10.7	0	-1		0.2846	0.1402538967571153	10.0	3.546425528991701	False	B	0.0	2	0.913	6.8580393848098895	A_strong	low	True	83	193		False	True	False	False	2.0	1	16
280_537_061	IL23R	receptor	Q5VWK5	0.625	0.613	0.007	0.714	19.94	5	3.5	0	-1		0.2229	0.0785938222056217	10.0	5.116178202251091	False	B	0.0	2				high	True	94	40		False	True	False	False	2.0	1	17
285_247_805	CCR6	receptor	P51684	0.612	0.599	0.007	0.704	16.35	5	3.9	0	-1		0.2496999999999999	0.0845682498866382	10.0	4.28411372454384	False	B	0.0	2	0.653	3.855165462839341	A_strong	low	True	72	28		False	True	False	False	2.0	1	18
275_891_730	FPR2	receptor	P25090	0.597	0.586	0.009	0.794	16.6	5	3.3	0	-1		0.2944	0.0768883750785658	10.0	3.9355754324473406	False	B	0.0	6				medium	True	85	94		False	True	False	False	2.0	1	19
081_875_338	FPR2	receptor	P25090	0.573	0.557	0.008	0.709	25.65	5	3.7	0	-1		0.1894	0.0715389559766021	10.0	5.3621134773823345	False	B	0.0	6				high	True	95	5		False	True	False	False	2.0	1	20
168_698_137	ITGA4	receptor	P13612	0.535	0.492	0.08	0.626	24.95	5	17.6	0	-1		0.2258	0.0722630995429586	10.0	4.278808990419627	False	B	0.0	10				high	True	86	41		False	True	False	False	2.0	1	21
269_063_394	IL23R	receptor	Q5VWK5	0.53	0.519	0.011	0.683	20.35	5	3.7	0	-1		0.2452	0.0936171874058272	10.0	3.0421764196504006	False	B	0.0	9				medium	True	93	42		False	True	False	False	2.0	1	22
277_273_517	FPR2	receptor	P25090	0.523	0.513	0.011	0.738	23.25	5	3.7	0	-1		0.2399	0.0849607098735775	10.0	3.332128467632342	False	B	0.0	3				high	True	83	20		False	True	False	False	2.0	1	23
139_277_837	ITGA4	receptor	P13612	0.502	0.441	0.098	0.626	24.87	5	16.7	0	-1		0.2156	0.073011718998467	10.0	3.922657950376614	False	B	0.0	46				high	True	80	84		False	True	False	False	2.0	1	24
078_038_499	IL7R	receptor	P16871	0.909	0.907	0.002	0.863	7.48	5	1.9	0	-1		0.2266	0.0827099349131247	10.0	8.250520336121241	True	A	0.7162162162162162	3				high	True	74	28	response_regulator;sensor_histidine_kinase	True	False	True	True	3.0	0	25
083_643_341	IL7R	receptor	P16871	0.886	0.883	0.002	0.861	7.83	5	6.1	0	-1		0.2254999999999999	0.0873132928660413	10.0	7.564712981485634	True	A	0.6621621621621622	5				high	True	74	53	response_regulator;sensor_histidine_kinase	True	False	True	True	3.0	0	26
088_575_073	IL6R	receptor	P08887	0.834	0.83	0.003	0.75	13.13	5	4.0	0	-1		0.1527	0.0466691665997059	10.0	14.598503672535958	True	A	0.3666666666666667	12				medium	True	98	17	sensor_histidine_kinase	True	False	True	True	3.0	0	27
098_551_287	IL7R	receptor	P16871	0.815	0.8	0.008	0.82	9.87	5	1.8	0	-1		0.2271	0.1191324659546861	10.0	4.934842868304404	True	A	0.8360655737704918	77				medium	True	61	30	sensor_histidine_kinase	True	False	True	True	3.0	0	28
092_027_758	ITGA4	receptor	P13612	0.839	0.83	0.007	0.637	19.08	5	17.3	0	-1		0.2834	0.1701686744902767	10.0	3.2649957559124445	False	B	0.4594594594594594	108	0.607	5.648469315791057	B_moderate	low	True	67	33	RRNPP_regulator	True	False	True	True	3.0	1	29
269_862_617	ITGA4	receptor	P13612	0.76	0.752	0.007	0.632	20.35	5	17.6	0	-1		0.2767	0.1014342151347364	10.0	4.764664461178371	False	B	0.7101449275362319	8				high	True	69	110	ABC_peptide_binding;sortase	True	False	True	True	3.0	1	30
256_111_285	ITGA4	receptor	P13612	0.738	0.725	0.013	0.637	20.76	5	17.8	0	-1		0.2563	0.0824729585311991	10.0	5.840702317205889	False	B	0.651685393258427	85				high	True	85	49	response_regulator;sensor_histidine_kinase	True	False	True	True	3.0	1	31
088_302_242	ITGA4	receptor	P13612	0.731	0.712	0.018	0.633	21.35	5	18.1	0	-1		0.2541	0.0856160031769762	10.0	5.57022031283338	False	B	0.5463917525773196	21				medium	True	99	44	response_regulator	True	False	True	True	3.0	1	32
260_316_781	ITGB7	receptor	P26010	0.649	0.633	0.014	0.581	28.71	5	10.8	0	-1		0.1969	0.0442077167723263	10.0	10.226721328503691	False	B	0.4285714285714286	43				medium	True	84	110	RRNPP_regulator	True	False	True	True	3.0	1	33
245_237_412	IL23R	receptor	Q5VWK5	0.646	0.633	0.009	0.72	16.44	5	3.6	0	-1		0.1992999999999999	0.1474713154782613	10.0	3.0290636423179382	False	B	0.7191011235955056	35				high	True	93	22	response_regulator;sensor_histidine_kinase	True	False	True	True	3.0	1	34
277_250_540	EGFR	receptor	P00533	0.643	0.633	0.006	0.6	20.65	5	8.7	0	-1		0.2150999999999999	0.0527729939352401	10.0	8.108313894888997	False	B	0.3333333333333333	37				high	True	75	63	response_regulator;sensor_histidine_kinase	True	False	True	True	3.0	1	35
114_947_827	FPR1	receptor	P21462	0.636	0.626	0.008	0.722	20.86	5	3.7	0	-1		0.2559	0.1043652240930857	10.0	3.642017763129413	False	B	0.5280898876404494	41				high	True	92	113	response_regulator;sensor_histidine_kinase	True	False	True	True	3.0	1	36
090_963_852	ITGA4	receptor	P13612	0.624	0.613	0.007	0.631	22.74	5	16.2	0	-1		0.2029	0.0927115598689469	10.0	4.542044170060873	False	B	0.4385964912280702	35				medium	True	61	25	RRNPP_regulator	True	False	True	True	3.0	1	37
190_194_445	IL10RA	receptor	Q13651	0.598	0.586	0.008	0.842	16.17	5	5.3	0	-1		0.2495	0.0703834734389638	10.0	4.951446454290396	False	B	0.5625	42				medium	True	46	31	response_regulator;sensor_histidine_kinase	True	False	True	True	3.0	1	38
281_056_366	IL23R	receptor	Q5VWK5	0.559	0.554	0.005	0.712	19.19	5	10.3	0	-1		0.2017	0.060845980420512	10.0	5.872203842072522	False	B	0.1594202898550725	2				high	True	69	44	response_regulator	True	False	True	True	3.0	1	39
134_146_546	TLR2	receptor	O60603	0.551	0.54	0.009	0.857	17.7	5	7.3	0	-1		0.2253	0.1003461232158195	10.0	3.2457656515488926	False	B	0.7027027027027026	4				high	True	76	84	response_regulator;sensor_histidine_kinase	True	False	True	True	3.0	1	40
090_564_110	ITGA4	receptor	P13612	0.531	0.521	0.007	0.616	24.03	5	16.5	0	-1		0.2063	0.0648845984121895	10.0	5.004269240248548	False	B	0.5441176470588236	11				medium	True	75	67	sensor_histidine_kinase	True	False	True	True	3.0	1	41
092_864_392	ITGB7	receptor	P26010	0.528	0.435	0.11	0.606	24.31	5	11.3	0	-1		0.2448	0.0881725580892377	10.0	3.21188367602286	False	B	0.505050505050505	124				high	True	90	35	response_regulator	True	False	True	True	3.0	1	42
283_565_010	CCR6	receptor	P51684	0.525	0.521	0.004	0.696	17.8	5	4.2	0	-1		0.2213	0.0759430342062025	10.0	3.999050119269476	False	B	0.4239130434782608	2				high	True	92	39	sortase	True	False	True	True	3.0	1	43
281_176_060	FPR1	receptor	P21462	0.518	0.501	0.014	0.711	19.72	5	3.9	0	-1		0.2062	0.0455211794418573	10.0	6.849558904734693	False	B	0.8222222222222222	13				high	True	97	59	response_regulator;sensor_histidine_kinase	True	False	True	True	3.0	1	44
281_881_967	GLP1R	receptor	P43220	0.504	0.489	0.012	0.584	20.93	5	1.4	0	-1		0.2198999999999999	0.0573070676269515	10.0	4.957503703546463	False	B	0.4024390243902439	20				high	True	82	25	response_regulator;sensor_histidine_kinase	True	False	True	True	3.0	1	45
096_452_670	GLP1R	receptor	P43220	0.503	0.476	0.018	0.654	16.64	5	1.3	0	-1		0.2048	0.0748120608220656	10.0	3.9859883115537262	False	B	0.4285714285714286	9				medium	True	65	34	sensor_histidine_kinase	True	False	True	True	3.0	1	46
270_626_999	GLP1R	receptor	P43220	0.752	0.737	0.014	0.706	15.25	5	1.4	0	-1		0.2521	0.0869948274324399	10.0	5.746318657718148	False	B	0.0	11				high	True	92	9	sensor_histidine_kinase	True	False	False	True	3.5	1	47
277_105_094	IL10RA	receptor	Q13651	0.717	0.713	0.002	0.724	24.3	5	7.3	0	-1		0.2113999999999999	0.0713352024677235	10.0	7.0876647504962875	False	B	0.0	2				medium	True	95	47	sensor_histidine_kinase	True	False	False	True	3.5	1	48
283_084_604	IL7R	receptor	P16871	0.668	0.645	0.013	0.764	17.44	5	7.2	0	-1		0.233	0.0740495329717435	10.0	5.874446232712787	False	B	0.0	15				high	True	99	70	response_regulator;sensor_histidine_kinase	True	False	False	True	3.5	1	49
277_357_125	TLR2	receptor	O60603	0.65	0.645	0.003	0.872	16.24	5	7.2	0	-1		0.1911	0.0575527777107432	10.0	7.973550856335791	False	B	0.0	0				high	True	74	23	response_regulator;sensor_histidine_kinase	True	False	False	True	3.5	1	50
278_856_901	CCR6	receptor	P51684	0.623	0.614	0.013	0.702	16.08	5	4.1	0	-1		0.1782	0.0587911557974496	10.0	7.565763829043401	False	B	0.0	0				high	True	80	119	RRNPP_regulator;sortase	True	False	False	True	3.5	1	51
262_901_816	IL10RA	receptor	Q13651	0.582	0.579	0.003	0.77	22.36	5	6.6	0	-1		0.1919	0.1241651677761879	10.0	3.1417828927930014	False	B	0.0	12				medium	True	93	37	response_regulator;sensor_histidine_kinase	True	False	False	True	3.5	1	52
101_507_864	IL6R	receptor	P08887	0.577	0.567	0.012	0.72	19.86	5	3.2	0	-1		0.2881999999999999	0.0550066662626752	10.0	5.250272732779031	False	B	0.0	0				high	True	56	46	bacteriocin_immunity;response_regulator;sensor_histidine_kinase	True	False	False	True	3.5	1	53
284_925_805	TLR2	receptor	O60603	0.559	0.52	0.042	0.85	23.59	5	7.4	0	-1		0.231	0.0981189753989172	10.0	3.342880402760703	False	B	0.0	8				medium	True	77	25	sensor_histidine_kinase	True	False	False	True	3.5	1	54
279_286_341	IL7R	receptor	P16871	0.527	0.51	0.013	0.749	21.13	5	6.9	0	-1		0.2324	0.0929434714699687	10.0	3.1696685667178803	False	B	0.0	9				medium	True	79	49	sensor_histidine_kinase	True	False	False	True	3.5	1	55
279_680_123	ITGA4	receptor	P13612	0.526	0.467	0.111	0.614	26.93	5	17.0	0	-1		0.2066999999999999	0.0934797066509922	10.0	3.4157146127138702	False	B	0.0	8				medium	True	92	177	response_regulator	True	False	False	True	3.5	1	56
271_737_221	TLR2	receptor	O60603	0.519	0.508	0.009	0.858	25.05	5	6.6	0	-1		0.2063	0.0889045055726149	10.0	3.5172570612250325	False	B	0.0	17				medium	True	58	56	RRNPP_regulator	True	False	False	True	3.5	1	57
279_947_157	TLR2	receptor	O60603	0.516	0.499	0.014	0.845	22.2	5	7.3	0	-1		0.2206	0.0836104724966382	10.0	3.5330502409477123	False	B	0.0	14				high	True	97	101	response_regulator	True	False	False	True	3.5	1	58
278_055_784	ITGA4	receptor	P13612	0.513	0.505	0.007	0.618	26.95	5	17.9	0	-1		0.1984	0.0961274616792147	10.0	3.2727380345259323	False	B	0.0	3				medium	True	92	32	response_regulator;sensor_histidine_kinase	True	False	False	True	3.5	1	59
283_251_865	TNFRSF1B	receptor	P20333	0.499	0.485	0.011	0.59	22.28	5	2.3	0	-1		0.1949	0.0764597933557238	10.0	3.977253751984339	False	C	0.0	2				medium	True	96	41	response_regulator	True	False	False	False	4.0	2	60
268_933_382	FPR2	receptor	P25090	0.493	0.475	0.019	0.763	19.58	5	13.1	0	-1		0.2047	0.0717914417678814	10.0	4.015798999164017	False	C	0.8823529411764706	105				high	True	87	17		False	True	True	False	4.0	2	61
043_233_509	ITGB7	receptor	P26010	0.492	0.48	0.011	0.61	23.97	5	10.5	0	-1		0.2166999999999999	0.0830783432135662	10.0	3.313739650444123	False	C	0.9054054054054054	55				medium	True	71	9	response_regulator	True	False	True	False	4.0	2	62
243_286_452	FPR2	receptor	P25090	0.489	0.425	0.11	0.747	23.94	5	3.7	0	-1		0.1891999999999999	0.0587779248055291	10.0	5.100554349135478	False	C	0.0	9				medium	True	73	19		False	True	False	False	4.0	2	63
269_245_384	ITGA4	receptor	P13612	0.486	0.461	0.018	0.611	25.35	5	16.6	0	-1		0.2171	0.0836533189884165	10.0	3.214457038306328	False	C	0.8767123287671232	12				high	True	73	90	response_regulator;sensor_histidine_kinase	True	False	True	False	4.0	2	64
258_720_860	IL10RA	receptor	Q13651	0.483	0.474	0.007	0.775	23.87	5	2.0	0	-1		0.1845	0.0987626222594132	10.0	3.0223984860988167	False	C	0.0	3				high	True	95	41	response_regulator	True	False	False	False	4.0	2	65
286_571_331	ITGB7	receptor	P26010	0.471	0.453	0.012	0.623	24.99	5	11.4	0	-1		0.1564	0.0490287897283037	10.0	6.416638096583182	False	C	0.0	2				high	True	90	90	response_regulator;sensor_histidine_kinase	True	False	False	False	4.0	2	66
271_914_900	FPR2	receptor	P25090	0.462	0.457	0.004	0.739	21.18	5	3.8	0	-1		0.2065999999999999	0.0695432719007861	10.0	3.6725335610376	False	C	0.3820224719101124	3				high	True	89	114	response_regulator;sensor_histidine_kinase	True	False	True	False	4.0	2	67
277_387_160	IL6R	receptor	P08887	0.454	0.366	0.103	0.68	22.12	5	3.8	0	-1		0.1659	0.0516622578764119	10.0	5.576604891896165	False	C	0.0	0				high	True	95	43	response_regulator	True	False	False	False	4.0	2	68
281_517_745	IL10RA	receptor	Q13651	0.449	0.41	0.025	0.71	24.32	5	7.3	0	-1		0.1838	0.0678196955987795	10.0	3.9103684801081977	False	C	0.0	6				high	True	98	95	sortase	True	False	False	False	4.0	2	69
285_892_377	ITGA4	receptor	P13612	0.449	0.399	0.074	0.611	27.52	5	16.4	0	-1		0.1867	0.046053230071299	10.0	5.695583124004777	False	C	0.0909090909090909	3				high	True	88	102		False	True	True	False	4.0	2	70
091_457_993	IL10RA	receptor	Q13651	0.447	0.374	0.119	0.781	21.71	5	6.8	0	-1		0.1758	0.0668676969013356	10.0	4.05577001403473	False	C	0.3780487804878049	23				high	True	77	32	response_regulator;sensor_histidine_kinase	True	False	True	False	4.0	2	71
251_295_730	IL23R	receptor	Q5VWK5	0.447	0.376	0.114	0.691	21.24	5	3.3	0	-1		0.2137	0.0685209619183956	10.0	3.404797502373747	False	C	0.1733333333333333	19				high	True	72	17		False	True	True	False	4.0	2	72
280_957_926	FPR2	receptor	P25090	0.446	0.438	0.006	0.751	20.64	5	4.0	0	-1		0.1924999999999999	0.0778049555691095	10.0	3.25814722398795	False	C	0.0963855421686746	5				medium	True	83	4	RRNPP_regulator	True	False	True	False	4.0	2	73
219_722_711	IL10RA	receptor	Q13651	0.437	0.428	0.011	0.734	26.14	5	2.1	0	-1		0.1863	0.0730875426381875	10.0	3.4301331109333466	False	C	0.0	2				high	True	77	19	sensor_histidine_kinase	True	False	False	False	4.0	2	74
268_960_148	IL7R	receptor	P16871	0.432	0.325	0.109	0.696	25.17	5	7.4	0	-1		0.1397	0.0468924300927132	10.0	6.2334154877893875	False	C	0.912087912087912	11				high	True	91	51		False	True	True	False	4.0	2	75
269_827_601	IL10RA	receptor	Q13651	0.428	0.289	0.146	0.749	23.86	5	2.0	0	-1		0.2053999999999999	0.0627024720405822	10.0	3.550099266515824	False	C	0.0	10				high	True	82	132		False	True	False	False	4.0	2	76
091_305_489	EGFR	receptor	P00533	0.426	0.388	0.058	0.566	25.82	5	8.3	0	-1		0.1681	0.0331845010676838	10.0	7.771700393324624	False	C	0.7906976744186046	25				medium	True	86	99	ABC_peptide_binding;sensor_histidine_kinase	True	False	True	False	4.0	2	77
245_871_969	TLR2	receptor	O60603	0.423	0.33	0.084	0.813	24.97	5	7.6	0	-1		0.1655	0.0669796818279825	10.0	3.8444494355961902	False	C	0.1728395061728395	10				medium	True	88	3		False	True	True	False	4.0	2	78
255_812_260	ITGA4	receptor	P13612	0.421	0.357	0.122	0.59	29.33	5	17.9	0	-1		0.1747	0.0475091803993946	10.0	5.184261187615403	False	C	0.5444444444444445	123				medium	True	90	29		False	True	True	False	4.0	2	79
181_731_568	FPR2	receptor	P25090	0.419	0.383	0.022	0.783	20.77	5	11.2	0	-1		0.1955	0.0570053603717326	10.0	3.920683924152985	False	C	0.847457627118644	18				high	True	59	49	bacteriocin_immunity;response_regulator;sensor_histidine_kinase	True	False	True	False	4.0	2	80
168_196_303	FPR2	receptor	P25090	0.416	0.381	0.046	0.731	21.31	5	3.7	0	-1		0.1648	0.0793204471327118	10.0	3.1669009578288776	False	C	0.2045454545454545	66				high	True	94	3		False	True	True	False	4.0	2	81
099_815_151	FPR2	receptor	P25090	0.4	0.314	0.093	0.747	21.17	5	3.5	0	-1		0.1768	0.0732496492217615	10.0	3.0471135680700314	False	C	0.0	63				high	True	64	3		False	True	False	False	4.0	2	82
245_759_808	FPR2	receptor	P25090	0.395	0.335	0.051	0.729	20.24	5	13.3	0	-1		0.2150999999999999	0.0572973724431486	10.0	3.1397600331236775	False	C	0.4943820224719101	7				high	True	96	19	quorum;response_regulator;sensor_histidine_kinase	True	False	True	False	4.0	2	83
092_958_666	IL10RA	receptor	Q13651	0.374	0.32	0.082	0.757	19.19	5	6.8	0	-1		0.1425	0.045753566952631	10.0	5.0597148029939065	False	C	0.9879518072289156	64				medium	True	83	65	RRNPP_regulator;sensor_histidine_kinase	True	False	True	False	4.0	2	84
093_204_123	ITGB7	receptor	P26010	0.372	0.353	0.011	0.586	30.45	5	11.6	0	-1		0.1512	0.0428298961007378	10.0	5.155277507110183	False	C	0.9361702127659576	39				high	True	94	5		False	True	True	False	4.0	2	85
267_042_392	IL7R	receptor	P16871	0.356	0.29	0.057	0.711	22.96	5	2.3	0	-1		0.1639	0.0515114873919724	10.0	3.729265251811326	False	C	0.3473684210526315	10				high	True	95	34		False	True	True	False	4.0	2	86
283_278_446	ITGA4	receptor	P13612	0.354	0.336	0.018	0.613	27.4	5	15.5	0	-1		0.1908	0.046151441532801	10.0	3.5361842356323656	False	C	0.3068181818181817	4				medium	True	88	29	response_regulator;sensor_histidine_kinase	True	False	True	False	4.0	2	87
240_799_365	GPR35	receptor	Q9HC97	0.341	0.248	0.088	0.638	27.68	5	11.0	0	-1		0.1789	0.0448167875292779	10.0	3.6169482226744423	False	C	0.8658536585365854	12				medium	True	88	8		False	True	True	False	4.0	2	88
284_584_904	FPR2	receptor	P25090	0.297	0.252	0.042	0.707	23.3	5	3.7	0	-1		0.1515	0.0428958687469499	10.0	3.391935033611963	False	C	0.4782608695652174	20				high	True	96	63	response_regulator	True	False	True	False	4.0	2	89
286_208_838	IL7R	receptor	P16871	0.268	0.187	0.087	0.687	24.93	5	7.5	0	-1		0.1339999999999999	0.0378300292242962	10.0	3.5421595686724636	False	C	0.0833333333333333	0				high	True	96	13	response_regulator;sensor_histidine_kinase	True	False	True	False	4.0	2	90
270_737_596	ITGB7	receptor	P26010	0.784	0.76	0.025	0.645	18.92	5	9.7	0	-1		0.3454	0.169545929535988	10.0	2.5869096427166194	False	D	0.5	110	0.635	2.180130050342284	D_none	low	True	65	38		False	True	True	False	4.0	3	91
097_960_327	IL10RA	receptor	Q13651	0.782	0.775	0.005	0.742	17.5	5	2.3	0	-1		0.4191	0.2724976860248337	10.0	1.3317544280611897	False	D	0.0843373493975904	58	0.681	1.1813239746907476	D_none	low	True	91	24		False	True	True	False	4.0	3	92
246_521_775	EGFR	receptor	P00533	0.751	0.746	0.004	0.686	17.5	5	7.6	0	-1		0.4552	0.1804345372211823	10.0	1.6393757234924435	False	D	0.0	0				high	True	34	9		False	True	False	False	4.0	3	93
245_077_159	EGFR	receptor	P00533	0.742	0.725	0.015	0.592	19.43	5	9.1	0	-1		0.2889	0.1957994722498846	10.0	2.314102253665635	False	D	0.1935483870967742	2				high	True	93	2	sensor_histidine_kinase	True	False	True	False	4.0	3	94
244_930_589	IL6R	receptor	P08887	0.698	0.684	0.015	0.744	16.02	5	3.0	0	-1		0.3006	0.1484371921049438	10.0	2.677226605843107	False	D	0.0	5				high	True	58	55	response_regulator	True	False	False	False	4.0	3	95
277_230_793	IL7R	receptor	P16871	0.683	0.638	0.076	0.761	17.04	5	7.2	0	-1		0.2473	0.1698103844488512	10.0	2.5658030362167734	False	D	0.8181818181818181	12	0.752	3.148909210159471	A_strong	low	True	93	66		False	True	True	False	4.0	3	96
285_882_596	ITGA4	receptor	P13612	0.681	0.668	0.012	0.622	22.44	5	17.1	0	-1		0.2920999999999999	0.1602729962699061	10.0	2.4264848667649352	False	D	0.0	17				high	True	94	59	response_regulator;sensor_histidine_kinase	True	False	False	False	4.0	3	97
093_166_231	ITGA4	receptor	P13612	0.668	0.604	0.121	0.636	22.82	5	16.3	0	-1		0.3531	0.1508821836179916	10.0	2.087058872353505	False	D	0.8636363636363636	54				medium	True	45	40	response_regulator;sensor_histidine_kinase	True	False	True	False	4.0	3	98
280_556_268	IL23R	receptor	Q5VWK5	0.662	0.656	0.005	0.651	27.49	5	3.5	0	-1		0.2566	0.1418388757240647	10.0	2.8581726831272323	False	D	0.0	2				medium	True	90	31	sensor_histidine_kinase	True	False	False	False	4.0	3	99
243_925_081	IL7R	receptor	P16871	0.658	0.644	0.012	0.741	23.11	5	2.0	0	-1		0.2424	0.154453301104969	10.0	2.69078094820098	False	D	0.0	7				medium	True	98	43		False	True	False	False	4.0	3	100
271_554_987	IL10RA	receptor	Q13651	0.64	0.621	0.014	0.723	24.71	5	7.4	0	-1		0.2691	0.1439347460174613	10.0	2.576862156376088	False	D	0.0	10				medium	True	98	151	ABC_peptide_binding;RRNPP_regulator	True	False	False	False	4.0	3	101
275_328_238	ITGA4	receptor	P13612	0.628	0.621	0.005	0.627	23.3	5	17.1	0	-1		0.2584	0.1402356746496569	10.0	2.6355633181310765	False	D	0.2857142857142857	4				medium	True	99	76	sensor_histidine_kinase	True	False	True	False	4.0	3	102
277_416_229	ITGA4	receptor	P13612	0.621	0.607	0.01	0.628	22.68	5	16.7	0	-1		0.2767	0.1845390955266059	10.0	1.8657293134416637	False	D	0.0	14				medium	True	68	19		False	True	False	False	4.0	3	103
257_605_297	FPR1	receptor	P21462	0.616	0.585	0.019	0.784	16.73	5	3.0	0	-1		0.3696	0.1188567765562121	10.0	2.073083312026955	False	D	0.0	13				high	True	67	58		False	True	False	False	4.0	3	104
185_001_645	IL10RA	receptor	Q13651	0.603	0.496	0.195	0.731	24.46	5	2.2	0	-1		0.2682	0.1706059787932416	10.0	1.9624165716123352	False	D	0.7555555555555555	51	0.682	2.687352851772554	D_none	low	True	90	113		False	True	True	False	4.0	3	105
079_232_414	CXCR4	receptor	P61073	0.592	0.562	0.021	0.74	16.56	5	4.1	0	-1		0.3599	0.2694993094198532	10.0	0.8612266966458575	False	D	0.0	2	0.776	3.004977832810572	A_strong	low	True	96	90		False	True	False	False	4.0	3	106
241_249_853	FPR2	receptor	P25090	0.588	0.577	0.007	0.757	21.23	5	3.7	0	-1		0.2439	0.1195588650925652	10.0	2.878080180282656	False	D	0.2525252525252525	5	0.618	4.813876595962353	B_moderate	low	True	99	31		False	True	True	False	4.0	3	107
071_933_922	GPR35	receptor	Q9HC97	0.583	0.573	0.007	0.762	15.91	5	3.1	0	-1		0.2506	0.1202332917475207	10.0	2.764625297775348	False	D	0.7777777777777778	30				high	True	90	26	response_regulator	True	False	True	False	4.0	3	108
281_441_484	GPR35	receptor	Q9HC97	0.583	0.577	0.003	0.74	24.81	5	2.9	0	-1		0.2163	0.1323203604052595	10.0	2.7713044226670966	False	D	0.6029411764705883	26				high	True	73	163	response_regulator;sensor_histidine_kinase	True	False	True	False	4.0	3	109
281_297_166	EGFR	receptor	P00533	0.583	0.566	0.018	0.633	21.24	5	9.2	0	-1		0.253	0.1126844167477374	10.0	2.928532706867171	False	D	0.0	21				high	True	96	12		False	True	False	False	4.0	3	110
281_069_986	ITGB7	receptor	P26010	0.579	0.449	0.177	0.607	22.71	5	11.6	0	-1		0.289	0.2302467275675282	10.0	1.2595184438178255	False	D	0.0	5				high	True	95	83	response_regulator	True	False	False	False	4.0	3	111
189_577_244	IL23R	receptor	Q5VWK5	0.579	0.573	0.004	0.727	18.84	5	10.6	0	-1		0.3518	0.1886412232549161	10.0	1.2044027073179984	False	D	0.6451612903225806	13				medium	True	67	4	response_regulator	True	False	True	False	4.0	3	112
039_353_480	IL7R	receptor	P16871	0.572	0.534	0.043	0.759	18.59	5	2.1	0	-1		0.2591	0.1215030406569683	10.0	2.575244193957173	False	D	0.5432098765432098	37	0.605	2.0123630786526507	D_none	low	True	76	16		False	True	True	False	4.0	3	113
269_204_877	GLP1R	receptor	P43220	0.572	0.538	0.018	0.615	18.75	5	1.4	0	-1		0.2602	0.1151952931137186	10.0	2.706707813939905	False	D	0.0	78				medium	True	80	40	sensor_histidine_kinase	True	False	False	False	4.0	3	114
274_329_178	FPR2	receptor	P25090	0.57	0.557	0.013	0.775	17.56	5	3.6	0	-1		0.3047	0.1439954088774283	10.0	1.8424198526067477	False	D	0.0	27				medium	True	55	49	quorum	True	False	False	False	4.0	3	115
286_492_329	FPR2	receptor	P25090	0.567	0.556	0.009	0.778	17.63	5	12.4	0	-1		0.2825	0.1355156817493827	10.0	2.099388028952566	False	D	0.0	2				high	True	69	82	response_regulator;sensor_histidine_kinase;sortase	True	False	False	False	4.0	3	116
097_914_025	IL10RA	receptor	Q13651	0.563	0.555	0.008	0.763	23.25	5	2.0	0	-1		0.2115	0.120156610767411	10.0	2.925348823964449	False	D	0.1780821917808219	1				high	True	73	38		False	True	True	False	4.0	3	117
279_993_455	GLP1R	receptor	P43220	0.563	0.55	0.013	0.565	22.35	5	1.4	0	-1		0.2258	0.1146470913523564	10.0	2.941199781193309	False	D	0.0	2				medium	True	85	23	sensor_histidine_kinase	True	False	False	False	4.0	3	118
267_464_284	IL7R	receptor	P16871	0.562	0.542	0.03	0.784	17.3	5	2.1	0	-1		0.2584	0.1111327534477972	10.0	2.7318678839592603	False	D	0.0	2				high	True	86	105	response_regulator	True	False	False	False	4.0	3	119
283_085_682	ITGA4	receptor	P13612	0.561	0.557	0.004	0.613	24.09	5	16.8	0	-1		0.2255999999999999	0.1515161890873564	10.0	2.2136248411489925	False	D	0.0	4				high	True	88	54	response_regulator;sensor_histidine_kinase	True	False	False	False	4.0	3	120
093_257_049	FPR1	receptor	P21462	0.539	0.528	0.008	0.75	17.38	5	3.8	0	-1		0.2943	0.1259180068316062	10.0	1.943328092281863	False	D	0.625	33				high	True	88	2		False	True	True	False	4.0	3	121
096_585_313	ITGA4	receptor	P13612	0.535	0.519	0.012	0.627	24.77	5	16.3	0	-1		0.2882	0.1358715079281402	10.0	1.816422028160074	False	D	0.1764705882352941	4				high	True	51	33	response_regulator;sensor_histidine_kinase	True	False	True	False	4.0	3	122
091_357_571	ITGA4	receptor	P13612	0.535	0.507	0.032	0.63	24.95	5	17.1	0	-1		0.3024	0.1208931576043721	10.0	1.9240129434057232	False	D	0.8979591836734694	3				high	True	49	25	sortase	True	False	True	False	4.0	3	123
279_776_829	CCR6	receptor	P51684	0.528	0.522	0.005	0.702	21.77	5	4.4	0	-1		0.2145999999999999	0.1061091681032113	10.0	2.953561936280181	False	D	0.0	77				medium	True	91	113		False	True	False	False	4.0	3	124
277_187_703	ITGA4	receptor	P13612	0.525	0.499	0.017	0.629	25.11	5	14.9	0	-1		0.2993	0.1059969077117085	10.0	2.1293074003051227	False	D	0.625	3				medium	True	45	83		False	True	True	False	4.0	3	125
245_280_549	ITGA4	receptor	P13612	0.523	0.476	0.049	0.629	25.15	5	16.5	0	-1		0.2904	0.1314983734584661	10.0	1.768843171839437	False	D	0.0	9				medium	True	32	47		False	True	False	False	4.0	3	126
168_749_661	ITGA4	receptor	P13612	0.521	0.507	0.015	0.62	25.32	5	15.5	0	-1		0.2486	0.0924700552130856	10.0	2.9458185071079304	False	D	0.3055555555555556	8				high	True	74	40	sensor_histidine_kinase	True	False	True	False	4.0	3	127
093_167_092	TLR2	receptor	O60603	0.521	0.497	0.013	0.853	19.5	5	7.5	0	-1		0.2668	0.1521021586522251	10.0	1.6712451831878143	False	D	0.2205882352941176	51				medium	True	72	19	RRNPP_regulator	True	False	True	False	4.0	3	128
277_774_788	TLR2	receptor	O60603	0.516	0.503	0.013	0.882	20.49	5	6.7	0	-1		0.2952	0.1074583123303585	10.0	2.0547503046688065	False	D	0.0	6				high	True	66	26	response_regulator;sensor_histidine_kinase	True	False	False	False	4.0	3	129
286_121_916	ITGA4	receptor	P13612	0.514	0.507	0.005	0.622	25.16	5	16.3	0	-1		0.2653	0.1448056551995735	10.0	1.7174743600810174	False	D	0.0	33				medium	True	71	42		False	True	False	False	4.0	3	130
272_385_543	IL10RA	receptor	Q13651	0.514	0.498	0.009	0.77	23.37	5	2.0	0	-1		0.3016	0.1422870338435656	10.0	1.492757240505263	False	D	0.0	2				medium	True	79	79		False	True	False	False	4.0	3	131
093_374_578	FPR2	receptor	P25090	0.51	0.424	0.053	0.767	19.1	5	3.7	0	-1		0.2829	0.146592746523603	10.0	1.54918988412182	False	D	0.6708860759493671	63				medium	True	76	39	RRNPP_regulator	True	False	True	False	4.0	3	132
273_380_089	IL23R	receptor	Q5VWK5	0.51	0.504	0.006	0.707	20.67	5	3.3	0	-1		0.2424	0.1410958696930723	10.0	1.8965828027575415	False	D	0.0	3				high	True	86	18	response_regulator;sensor_histidine_kinase	True	False	False	False	4.0	3	133
250_097_913	IL10RA	receptor	Q13651	0.506	0.467	0.028	0.734	24.41	5	2.1	0	-1		0.2343	0.1022492053758854	10.0	2.657233364319896	False	D	0.5569620253164558	11				medium	True	80	13		False	True	True	False	4.0	3	134
094_056_496	CCR6	receptor	P51684	0.505	0.363	0.156	0.609	25.46	5	4.1	0	-1		0.2516	0.1521207123014848	10.0	1.66578236563731	False	D	0.6265060240963856	95	0.684	3.5915382084369702	A_strong	low	True	86	1		False	True	True	False	4.0	3	135
273_792_834	IL10RA	receptor	Q13651	0.504	0.418	0.157	0.732	24.98	5	2.1	0	-1		0.2110999999999999	0.1076284245809524	10.0	2.7214000496652813	False	D	0.0	18				medium	True	92	22		False	True	False	False	4.0	3	136
268_934_333	CXCR4	receptor	P61073	0.503	0.495	0.006	0.716	18.51	5	4.0	0	-1		0.2525	0.0893299128698407	10.0	2.8042118474356315	False	D	0.3888888888888888	28				medium	True	98	45	response_regulator;sensor_histidine_kinase	True	False	True	False	4.0	3	137
255_812_373	ITGA4	receptor	P13612	0.503	0.467	0.03	0.629	25.3	5	16.3	0	-1		0.2906	0.1148150203104493	10.0	1.849932172861093	False	D	0.5084745762711864	6				high	True	59	67		False	True	True	False	4.0	3	138
281_922_196	GPR35	receptor	Q9HC97	0.502	0.487	0.008	0.678	27.58	5	10.9	0	-1		0.3048	0.1587841301893864	10.0	1.2419377160979117	False	D	0.2065217391304348	4				high	True	95	88	sortase	True	False	True	False	4.0	3	139
245_988_709	CXCR4	receptor	P61073	0.501	0.492	0.006	0.733	20.84	5	3.5	0	-1		0.2284	0.1339421102151556	10.0	2.0352075949984187	False	D	0.5581395348837209	2				medium	True	86	30	response_regulator;sensor_histidine_kinase	True	False	True	False	4.0	3	140
269_997_741	IL10RA	receptor	Q13651	0.499	0.493	0.007	0.778	22.41	5	6.4	0	-1		0.2338	0.1372927124391127	10.0	1.93163930764069	False	D	0.0	2				high	True	79	71		False	True	False	False	4.0	3	141
133_168_330	FPR2	receptor	P25090	0.495	0.474	0.015	0.763	18.19	5	3.6	0	-1		0.2405	0.1741125115167393	10.0	1.461698517716989	False	D	0.7903225806451613	20				high	True	62	41	response_regulator	True	False	True	False	4.0	3	142
046_386_618	GPR35	receptor	Q9HC97	0.493	0.477	0.011	0.655	26.57	5	3.4	0	-1		0.2726	0.1287091467007859	10.0	1.7123880132029037	False	D	0.5591397849462365	7				high	True	89	23		False	True	True	False	4.0	3	143
281_036_406	ITGB7	receptor	P26010	0.488	0.416	0.069	0.617	24.99	5	10.0	0	-1		0.2179	0.1299140314036769	10.0	2.0790671883680405	False	D	0.0	2				high	True	79	10		False	True	False	False	4.0	3	144
093_968_883	IL23R	receptor	Q5VWK5	0.488	0.485	0.004	0.714	20.17	5	3.1	0	-1		0.2699	0.1459698979622549	10.0	1.4941436765023743	False	D	0.4	12				high	True	69	38	response_regulator;sensor_histidine_kinase	True	False	True	False	4.0	3	145
246_544_622	FPR2	receptor	P25090	0.485	0.472	0.011	0.758	19.36	5	3.6	0	-1		0.2712	0.1813362744859517	10.0	1.1790249943431104	False	D	0.1686746987951807	2				high	True	83	91	ABC_peptide_binding;response_regulator;sensor_histidine_kinase	True	False	True	False	4.0	3	146
127_099_529	ITGA4	receptor	P13612	0.482	0.477	0.003	0.622	26.32	5	16.5	0	-1		0.2769	0.1280177505053281	10.0	1.6021215744723118	False	D	0.0	0				high	True	84	28	response_regulator	True	False	False	False	4.0	3	147
271_737_098	IL10RA	receptor	Q13651	0.48	0.339	0.152	0.786	24.64	5	1.8	0	-1		0.2685	0.1096299330576381	10.0	1.9292176333702893	False	D	0.0	17				medium	True	72	31	RRNPP_regulator;response_regulator	True	False	False	False	4.0	3	148
283_301_845	IL10RA	receptor	Q13651	0.479	0.46	0.018	0.795	20.61	5	1.8	0	-1		0.2293	0.0882043712698589	10.0	2.830925456472554	False	D	0.0	2				high	True	67	171	bacteriocin_immunity;response_regulator;sensor_histidine_kinase	True	False	False	False	4.0	3	149
267_544_914	IL10RA	receptor	Q13651	0.478	0.465	0.013	0.732	24.76	5	6.8	0	-1		0.2984	0.130558799014084	10.0	1.3756253991017915	False	D	0.0	4				high	True	96	40	response_regulator;sensor_histidine_kinase	True	False	False	False	4.0	3	150
256_661_797	CCR6	receptor	P51684	0.478	0.467	0.013	0.662	20.06	5	4.4	0	-1		0.2102	0.1147652676843768	10.0	2.3334585925115743	False	D	0.4431818181818182	24				medium	True	90	28	RRNPP_regulator;response_regulator	True	False	True	False	4.0	3	151
286_567_405	ITGA4	receptor	P13612	0.477	0.443	0.028	0.631	25.38	5	16.2	0	-1		0.3147	0.0950053214883835	10.0	1.708325359646772	False	D	0.0	2				medium	True	71	17		False	True	False	False	4.0	3	152
060_753_227	ITGA4	receptor	P13612	0.476	0.47	0.003	0.622	25.46	5	17.3	0	-1		0.2447	0.0861304566083075	10.0	2.6854612074318234	False	D	0.7733333333333333	18	0.642	3.1293763508298396	B_moderate	low	True	75	38	RRNPP_regulator	True	False	True	False	4.0	3	153
268_951_463	FPR1	receptor	P21462	0.473	0.442	0.023	0.776	19.47	5	3.1	0	-1		0.3187	0.090410237866688	10.0	1.7066651259951209	False	D	0.0	2				high	True	49	46		False	True	False	False	4.0	3	154
268_983_831	TLR2	receptor	O60603	0.47	0.433	0.042	0.846	20.49	5	6.8	0	-1		0.2557	0.0827043596862409	10.0	2.5911572353984615	False	D	0.5063291139240507	35				medium	True	79	30		False	True	True	False	4.0	3	155
198_049_032	IL7R	receptor	P16871	0.465	0.448	0.017	0.797	18.4	5	1.8	0	-1		0.3658	0.2160461884772688	10.0	0.4591610743016522	False	D	0.3209876543209876	28	0.611	2.478485832290229	D_none	low	True	88	81		False	True	True	False	4.0	3	156
193_330_143	ITGA4	receptor	P13612	0.46	0.409	0.091	0.61	26.74	5	16.4	0	-1		0.2317	0.1400444770619518	10.0	1.6301963832462047	False	D	0.0909090909090909	2				medium	True	88	115		False	True	True	False	4.0	3	157
270_805_215	IL6R	receptor	P08887	0.458	0.442	0.018	0.699	21.14	5	3.2	0	-1		0.2052999999999999	0.0995992525630142	10.0	2.537167634266354	False	D	0.3835616438356164	9				high	True	79	73	response_regulator	True	False	True	False	4.0	3	158
256_790_720	TNFRSF1B	receptor	P20333	0.457	0.408	0.027	0.587	20.74	5	7.0	0	-1		0.2464	0.0800252737855013	10.0	2.6316685971545617	False	D	0.0	4				medium	True	75	80		False	True	False	False	4.0	3	159
286_758_872	TLR2	receptor	O60603	0.456	0.445	0.009	0.865	20.9	5	6.9	0	-1		0.2753	0.1384694511034433	10.0	1.3049809799925358	False	D	0.0	0				high	True	54	59	sensor_histidine_kinase	True	False	False	False	4.0	3	160
246_270_951	IL7R	receptor	P16871	0.453	0.398	0.042	0.795	17.75	5	1.7	0	-1		0.2771	0.0948091064543204	10.0	1.855307011935078	False	D	0.0	35				high	True	42	41		False	True	False	False	4.0	3	161
258_723_481	ITGA4	receptor	P13612	0.45	0.415	0.022	0.627	25.97	5	14.8	0	-1		0.2479	0.1213429025530541	10.0	1.665527985138124	False	D	0.0	2				medium	True	70	32		False	True	False	False	4.0	3	162
277_115_819	TLR2	receptor	O60603	0.449	0.386	0.109	0.862	21.6	5	7.2	0	-1		0.2427	0.077353517480892	10.0	2.666976327882705	False	D	0.0	2				high	True	74	26	response_regulator;sensor_histidine_kinase	True	False	False	False	4.0	3	163
194_184_058	FPR2	receptor	P25090	0.448	0.417	0.027	0.786	18.89	5	3.2	0	-1		0.2623	0.1048565687022038	10.0	1.770990623652717	False	D	0.0	2				high	True	78	77	response_regulator	True	False	False	False	4.0	3	164
088_575_072	TLR2	receptor	O60603	0.447	0.39	0.05	0.84	20.36	5	7.6	0	-1		0.2581	0.1568746491806613	10.0	1.204146119125069	False	D	0.0	13				high	True	84	32	response_regulator	True	False	False	False	4.0	3	165
246_176_688	IL7R	receptor	P16871	0.447	0.387	0.107	0.752	23.06	5	2.0	0	-1		0.2511	0.1474346936405705	10.0	1.3287238923396318	False	D	0.0	3				high	True	70	76	response_regulator;sensor_histidine_kinase	True	False	False	False	4.0	3	166
259_945_227	FPR2	receptor	P25090	0.443	0.435	0.007	0.785	20.48	5	3.7	0	-1		0.2708	0.1214091338317582	10.0	1.41834468762972	False	D	0.0	3				medium	True	77	5	sensor_histidine_kinase	True	False	False	False	4.0	3	167
125_096_282	ITGA4	receptor	P13612	0.438	0.417	0.011	0.617	26.42	5	17.9	0	-1		0.1853	0.0921231663468954	10.0	2.7430668095844917	False	D	0.0	9				medium	True	96	53		False	True	False	False	4.0	3	168
097_553_596	ITGA4	receptor	P13612	0.434	0.399	0.034	0.62	26.08	5	16.8	0	-1		0.2658	0.1137920129983744	10.0	1.4781353767105143	False	D	0.4	66				high	True	75	24	response_regulator;sensor_histidine_kinase	True	False	True	False	4.0	3	169
280_485_719	FPR2	receptor	P25090	0.431	0.411	0.025	0.719	22.48	5	3.9	0	-1		0.2483	0.1004866491961328	10.0	1.8181519780145183	False	D	0.0	2				medium	True	97	53		False	True	False	False	4.0	3	170
276_746_036	GLP1R	receptor	P43220	0.431	0.408	0.015	0.627	17.39	5	1.6	0	-1		0.2455	0.1143146243196089	10.0	1.622714513598592	False	D	0.0	18				high	True	98	25	sortase	True	False	False	False	4.0	3	171
256_025_680	IL6R	receptor	P08887	0.43	0.42	0.007	0.697	21.78	5	3.5	0	-1		0.2684	0.1311845180567347	10.0	1.2318526789122408	False	D	0.25	26				medium	True	66	112	RRNPP_regulator	True	False	True	False	4.0	3	172
276_039_066	ITGA4	receptor	P13612	0.43	0.414	0.009	0.623	26.0	5	17.3	0	-1		0.2372	0.0843824626329428	10.0	2.2848349524789877	False	D	0.1333333333333333	15				high	True	81	144	response_regulator;sensor_histidine_kinase	True	False	True	False	4.0	3	173
277_252_399	IL7R	receptor	P16871	0.429	0.38	0.033	0.713	20.99	5	2.3	0	-1		0.221	0.1026569259448403	10.0	2.026166262876044	False	D	0.0	19				high	True	97	94	response_regulator	True	False	False	False	4.0	3	174
281_752_078	TLR2	receptor	O60603	0.423	0.409	0.015	0.852	21.56	5	7.3	0	-1		0.2719	0.1383959296125913	10.0	1.0917951158171408	False	D	0.0	14				medium	True	99	19		False	True	False	False	4.0	3	175
279_514_499	ITGA4	receptor	P13612	0.421	0.353	0.056	0.623	26.1	5	17.4	0	-1		0.2037	0.0778574908977221	10.0	2.7909966978701783	False	D	0.0	24				high	True	70	59	RRNPP_regulator;response_regulator;sensor_histidine_kinase	True	False	False	False	4.0	3	176
090_252_869	FPR2	receptor	P25090	0.42	0.337	0.062	0.807	20.47	5	3.1	0	-1						False	D	0.0	0				medium	True	49	114	RRNPP_regulator;sensor_histidine_kinase	True	False	False	False	4.0	3	177
283_157_014	CXCR4	receptor	P61073	0.418	0.388	0.021	0.696	21.29	5	3.8	0	-1		0.2407	0.0950076605098533	10.0	1.866165307602874	False	D	0.6630434782608696	45				high	True	92	41	RRNPP_regulator;response_regulator;sensor_histidine_kinase	True	False	True	False	4.0	3	178
277_237_253	TLR2	receptor	O60603	0.416	0.372	0.044	0.86	22.07	5	7.2	0	-1		0.1956	0.083987036036654	10.0	2.624214526439675	False	D	0.0	3				medium	True	61	73		False	True	False	False	4.0	3	179
128_061_892	ITGA4	receptor	P13612	0.415	0.361	0.036	0.621	26.15	5	16.2	0	-1		0.2436999999999999	0.1073551220120503	10.0	1.5956388180600454	False	D	0.0	5				high	True	69	27	sortase	True	False	False	False	4.0	3	180
093_558_421	GLP1R	receptor	P43220	0.415	0.393	0.018	0.637	16.01	5	1.4	0	-1		0.2711	0.147175971770757	10.0	0.9777411235588118	False	D	0.9836065573770492	36				high	True	66	22		False	True	True	False	4.0	3	181
284_070_534	CXCR4	receptor	P61073	0.414	0.401	0.012	0.73	20.81	5	3.5	0	-1		0.2479	0.1055435139330377	10.0	1.573758479420937	False	D	0.0	3				high	True	63	34	response_regulator;sensor_histidine_kinase	True	False	False	False	4.0	3	182
270_063_957	ITGA4	receptor	P13612	0.413	0.392	0.02	0.614	25.29	5	18.0	0	-1		0.2494	0.1741182229278589	10.0	0.9395914870311026	False	D	0.797752808988764	11				medium	True	94	22		False	True	True	False	4.0	3	183
283_662_443	ITGA4	receptor	P13612	0.413	0.379	0.042	0.611	26.67	5	17.2	0	-1		0.2234	0.1068105279871272	10.0	1.7751059148668429	False	D	0.0	6				medium	True	90	22		False	True	False	False	4.0	3	184
287_488_974	FPR2	receptor	P25090	0.412	0.403	0.006	0.747	21.81	5	3.7	0	-1		0.2537999999999999	0.1281603162709372	10.0	1.2343914606574269	False	D	0.0	1				medium	True	75	110	response_regulator;sensor_histidine_kinase	True	False	False	False	4.0	3	185
273_170_061	ITGA4	receptor	P13612	0.411	0.394	0.018	0.612	25.97	5	17.8	0	-1		0.1929	0.1197956129784763	10.0	1.8206008932830111	False	D	0.0	4				high	True	74	81		False	True	False	False	4.0	3	186
269_063_389	ITGA4	receptor	P13612	0.406	0.392	0.021	0.619	26.36	5	16.6	0	-1		0.1743	0.0936827388346196	10.0	2.4732410995052723	False	D	0.0	2				high	True	84	83		False	True	False	False	4.0	3	187
265_537_501	ITGA4	receptor	P13612	0.406	0.365	0.059	0.612	27.19	5	15.7	0	-1		0.2299	0.0947551816231938	10.0	1.8584735629581124	False	D	0.0	67				high	True	96	32	quorum;response_regulator;sensor_histidine_kinase	True	False	False	False	4.0	3	188
285_131_582	FPR2	receptor	P25090	0.403	0.366	0.045	0.771	20.9	5	11.9	0	-1		0.2862	0.1861963121725741	10.0	0.6272949159795665	False	D	0.0	2				high	True	66	147	sensor_histidine_kinase	True	False	False	False	4.0	3	189
093_452_514	ITGB7	receptor	P26010	0.403	0.315	0.084	0.609	26.08	5	10.5	0	-1		0.288	0.1690838056507285	10.0	0.6801360991220661	False	D	0.4556962025316455	4				medium	True	73	76	response_regulator	True	False	True	False	4.0	3	190
166_725_862	TLR2	receptor	O60603	0.403	0.36	0.051	0.824	21.42	5	7.1	0	-1		0.2185	0.0983612954593647	10.0	1.875737800507326	False	D	0.2048192771084337	15				medium	True	90	38		False	True	True	False	4.0	3	191
281_350_965	ITGA4	receptor	P13612	0.401	0.379	0.036	0.621	27.31	5	17.2	0	-1		0.2327	0.1613037507313453	10.0	1.0433731344555468	False	D	0.1764705882352941	18				high	True	68	104	response_regulator;sensor_histidine_kinase	True	False	True	False	4.0	3	192
100_579_135	FPR2	receptor	P25090	0.4	0.388	0.007	0.773	20.89	5	12.2	0	-1		0.2417	0.0691553002708798	10.0	2.2890508663825075	False	D	0.819672131147541	17				medium	True	64	33		False	True	True	False	4.0	3	193
092_455_888	TLR2	receptor	O60603	0.398	0.347	0.057	0.854	22.4	5	7.0	0	-1		0.2244	0.0981758060261737	10.0	1.7682564271865324	False	D	0.0	6				high	True	89	168		False	True	False	False	4.0	3	194
280_311_254	IL10RA	receptor	Q13651	0.397	0.374	0.03	0.742	20.36	5	2.3	0	-1		0.1813	0.0739294708939991	10.0	2.9176456613530077	False	D	0.1764705882352941	4				high	True	90	160	response_regulator;sensor_histidine_kinase	True	False	True	False	4.0	3	195
257_545_250	FPR2	receptor	P25090	0.396	0.385	0.008	0.763	21.64	5	3.5	0	-1		0.2036	0.0930306998313519	10.0	2.068134501285993	False	D	0.8888888888888888	32				high	True	73	95	response_regulator;sensor_histidine_kinase	True	False	True	False	4.0	3	196
265_066_730	IL23R	receptor	Q5VWK5	0.395	0.383	0.008	0.696	22.85	5	3.2	0	-1		0.3122	0.1474281746026405	10.0	0.5616294186858707	False	D	0.0	11				high	True	74	105		False	True	False	False	4.0	3	197
281_687_286	IL7R	receptor	P16871	0.395	0.359	0.02	0.729	23.41	5	6.8	0	-1		0.2064	0.1110577427387312	10.0	1.6982156790606724	False	D	0.0	5				high	True	94	41	response_regulator;sensor_histidine_kinase	True	False	False	False	4.0	3	198
269_212_133	CXCR4	receptor	P61073	0.393	0.383	0.008	0.692	21.9	5	3.8	0	-1		0.2109	0.1207379623629434	10.0	1.508224889969566	False	D	0.7032967032967032	63				medium	True	92	32		False	True	True	False	4.0	3	199
282_357_272	IL6R	receptor	P08887	0.392	0.356	0.025	0.695	23.26	5	3.7	0	-1		0.2113999999999999	0.0744464013009807	10.0	2.425906381556967	False	D	0.0	3				high	True	90	41	RRNPP_regulator;response_regulator	True	False	False	False	4.0	3	200
264_638_746	ITGA4	receptor	P13612	0.392	0.372	0.018	0.621	26.58	5	16.5	0	-1		0.2132	0.084471954583229	10.0	2.116678853735187	False	D	0.0	22				medium	True	86	44	sensor_histidine_kinase	True	False	False	False	4.0	3	201
092_990_882	IL7R	receptor	P16871	0.392	0.233	0.086	0.73	21.99	5	6.7	0	-1		0.215	0.0961364770637151	10.0	1.8411325794962512	False	D	0.5194805194805194	91				high	True	73	10		False	True	True	False	4.0	3	202
101_760_612	IL6R	receptor	P08887	0.391	0.323	0.071	0.68	22.04	5	3.6	0	-1		0.2096	0.0780501263434097	10.0	2.324147422924918	False	D	0.8636363636363636	41				high	True	88	176	response_regulator;sensor_histidine_kinase	True	False	True	False	4.0	3	203
279_771_683	IL23R	receptor	Q5VWK5	0.389	0.37	0.012	0.682	22.5	5	3.5	0	-1		0.3177999999999999	0.156442250615931	10.0	0.4551200185351303	False	D	0.0	3				medium	True	97	96		False	True	False	False	4.0	3	204
277_569_994	IL6R	receptor	P08887	0.389	0.372	0.009	0.686	23.52	5	3.7	0	-1		0.1992999999999999	0.0825699030451707	10.0	2.297447290161195	False	D	0.0	2				medium	True	96	170		False	True	False	False	4.0	3	205
255_749_320	ITGA4	receptor	P13612	0.389	0.362	0.045	0.615	26.56	5	17.6	0	-1		0.2194999999999999	0.0623934647574923	10.0	2.7166306705165946	False	D	0.9589041095890412	17				medium	True	73	17	sensor_histidine_kinase	True	False	True	False	4.0	3	206
245_610_826	ITGA4	receptor	P13612	0.384	0.347	0.028	0.618	26.99	5	16.4	0	-1		0.2481	0.0857249477495709	10.0	1.585302803531662	False	D	0.6710526315789473	76				medium	True	77	7		False	True	True	False	4.0	3	207
276_794_384	FPR2	receptor	P25090	0.383	0.373	0.005	0.731	22.58	5	3.7	0	-1		0.247	0.1454212272446266	10.0	0.9352142226885604	False	D	0.2638888888888888	33				high	True	75	3		False	True	True	False	4.0	3	208
276_571_833	ITGA4	receptor	P13612	0.382	0.361	0.017	0.624	27.09	5	17.1	0	-1		0.2439	0.0790041489768452	10.0	1.7480094626482814	False	D	0.8372093023255813	3				high	True	43	96	response_regulator;sensor_histidine_kinase	True	False	True	False	4.0	3	209
088_140_236	CXCR4	receptor	P61073	0.382	0.352	0.038	0.734	21.85	5	10.9	0	-1		0.229	0.1155075755091414	10.0	1.324588446477187	False	D	0.0	15				high	True	72	17		False	True	False	False	4.0	3	210
281_067_764	FPR1	receptor	P21462	0.381	0.369	0.009	0.732	21.49	5	3.7	0	-1		0.2687	0.1635692513891287	10.0	0.6865593566411821	False	D	0.3068181818181817	2				high	True	88	85	RRNPP_regulator;bacteriocin_immunity;response_regulator;sensor_histidine_kinase	True	False	True	False	4.0	3	211
245_989_513	ITGA4	receptor	P13612	0.38	0.369	0.008	0.615	27.05	5	17.5	0	-1		0.2868	0.1719779055576616	10.0	0.5419300793191217	False	D	0.5487804878048781	19				high	True	74	51		False	True	True	False	4.0	3	212
283_727_042	TLR2	receptor	O60603	0.379	0.353	0.029	0.836	22.95	5	7.6	0	-1		0.1997	0.0633509624587065	10.0	2.83026481431709	False	D	0.0987654320987654	0				high	True	81	69		False	True	True	False	4.0	3	213
246_253_684	FPR2	receptor	P25090	0.377	0.328	0.036	0.767	21.81	5	3.2	0	-1		0.2072	0.11241569680827	10.0	1.510465218123422	False	D	0.0	27				high	True	57	14	response_regulator;sensor_histidine_kinase	True	False	False	False	4.0	3	214
271_949_382	CXCR4	receptor	P61073	0.375	0.369	0.005	0.699	22.66	5	3.8	0	-1		0.1922	0.10011748654012	10.0	1.825854866289983	False	D	0.2567567567567568	10				high	True	79	102	response_regulator;sensor_histidine_kinase	True	False	True	False	4.0	3	215
281_842_785	TLR2	receptor	O60603	0.375	0.358	0.026	0.855	23.44	5	7.3	0	-1		0.1984	0.0785199196241168	10.0	2.2491108096569987	False	D	0.0	48				medium	True	79	23	sensor_histidine_kinase	True	False	False	False	4.0	3	216
275_445_135	GLP1R	receptor	P43220	0.375	0.355	0.027	0.643	15.94	5	1.5	0	-1		0.2526	0.1601417427711394	10.0	0.7643228922200715	False	D	0.0	7				medium	True	91	44		False	True	False	False	4.0	3	217
286_439_557	ITGA4	receptor	P13612	0.375	0.345	0.022	0.619	26.95	5	17.4	0	-1		0.2460999999999999	0.0782225457695328	10.0	1.6478625021969773	False	D	0.0	30				medium	True	65	33	sensor_histidine_kinase	True	False	False	False	4.0	3	218
263_553_745	ITGA4	receptor	P13612	0.374	0.354	0.019	0.618	26.72	5	15.2	0	-1		0.2805	0.1236448767865274	10.0	0.7561979309618098	False	D	0.0	2				medium	True	76	84		False	True	False	False	4.0	3	219
265_365_643	FPR1	receptor	P21462	0.371	0.366	0.004	0.746	22.67	5	3.4	0	-1		0.1916	0.0925649321647602	10.0	1.938098973385281	False	D	0.0	7				medium	True	84	135	response_regulator;sensor_histidine_kinase	True	False	False	False	4.0	3	220
259_830_527	ITGA4	receptor	P13612	0.368	0.319	0.039	0.621	27.17	5	16.5	0	-1		0.2387	0.0736886091001255	10.0	1.75468096872763	False	D	0.0	23				medium	True	77	83		False	True	False	False	4.0	3	221
281_068_522	ITGA4	receptor	P13612	0.367	0.31	0.08	0.608	27.08	5	17.3	0	-1		0.1897	0.0632087370894597	10.0	2.804991970478165	False	D	0.5168539325842696	2				high	True	97	5		False	True	True	False	4.0	3	222
223_127_249	TNFRSF1B	receptor	P20333	0.366	0.322	0.068	0.574	22.95	5	2.1	0	-1		0.2045	0.0861913246472314	10.0	1.873738461045773	False	D	0.6901408450704225	62				high	True	70	19	response_regulator	True	False	True	False	4.0	3	223
258_881_202	CCR6	receptor	P51684	0.365	0.359	0.007	0.678	23.75	5	3.9	0	-1		0.1730999999999999	0.0742495043006274	10.0	2.5845290390494693	False	D	0.0	3				medium	True	80	15		False	True	False	False	4.0	3	224
245_396_216	ITGA4	receptor	P13612	0.364	0.339	0.021	0.614	27.25	5	17.6	0	-1		0.1924	0.1235027665007279	10.0	1.3894425595639472	False	D	0.6538461538461539	24				medium	True	81	3		False	True	True	False	4.0	3	225
276_941_907	TLR2	receptor	O60603	0.363	0.322	0.022	0.84	25.13	5	7.4	0	-1		0.1896	0.0762848463181107	10.0	2.27305957040164	False	D	0.0	25				high	True	94	28	response_regulator	True	False	False	False	4.0	3	226
285_343_003	TLR2	receptor	O60603	0.361	0.341	0.025	0.83	23.13	5	7.5	0	-1		0.2088	0.0815336331419944	10.0	1.8667143132814517	False	D	0.6842105263157895	8				high	True	95	107	quorum;response_regulator;sensor_histidine_kinase	True	False	True	False	4.0	3	227
265_974_312	ITGA4	receptor	P13612	0.358	0.328	0.031	0.612	27.52	5	17.9	0	-1		0.2841	0.1494623326757912	10.0	0.4944389578095333	False	D	0.0	26				medium	True	88	8		False	True	False	False	4.0	3	228
286_246_009	TLR2	receptor	O60603	0.357	0.334	0.023	0.839	24.01	5	7.5	0	-1		0.2684	0.1468507935135372	10.0	0.6033334780164635	False	D	0.0	2				high	True	98	132	sensor_histidine_kinase	True	False	False	False	4.0	3	229
246_008_888	ITGA4	receptor	P13612	0.355	0.34	0.016	0.614	27.23	5	16.6	0	-1		0.1869	0.0588150585404036	10.0	2.858111581824266	False	D	0.3055555555555556	37				medium	True	79	14		False	True	True	False	4.0	3	230
284_274_989	ITGA4	receptor	P13612	0.354	0.348	0.005	0.618	27.19	5	16.5	0	-1		0.2469999999999999	0.1252615042399078	10.0	0.8542129575185976	False	D	0.0	2				medium	True	86	220	response_regulator;sensor_histidine_kinase	True	False	False	False	4.0	3	231
269_000_374	GLP1R	receptor	P43220	0.354	0.343	0.01	0.54	22.23	5	1.5	0	-1		0.175	0.0705360427961006	10.0	2.5377096999535045	False	D	0.896551724137931	98				high	True	90	36	response_regulator	True	False	True	False	4.0	3	232
032_471_512	EGFR	receptor	P00533	0.353	0.326	0.033	0.561	26.74	5	9.1	0	-1		0.2178999999999999	0.0825502540543906	10.0	1.6365788518468445	False	D	0.9393939393939394	22				high	True	98	36	sensor_histidine_kinase	True	False	True	False	4.0	3	233
236_108_489	ITGA4	receptor	P13612	0.351	0.336	0.013	0.611	27.19	5	16.9	0	-1		0.2505	0.0941502935618247	10.0	1.0674422372778438	False	D	0.4651162790697675	111				medium	True	86	1		False	True	True	False	4.0	3	234
282_006_696	CCR6	receptor	P51684	0.351	0.319	0.055	0.664	22.9	5	14.2	0	-1		0.2057999999999999	0.0911077506155333	10.0	1.5937173184390327	False	D	0.2247191011235955	11				high	True	93	79		False	True	True	False	4.0	3	235
281_128_421	ITGB7	receptor	P26010	0.35	0.259	0.057	0.596	26.7	5	10.4	0	-1		0.3108	0.1980397266543592	10.0	0.1979400833470958	False	D	0.0	27				medium	True	65	17	response_regulator;sensor_histidine_kinase	True	False	False	False	4.0	3	236
251_125_773	GPR35	receptor	Q9HC97	0.35	0.266	0.09	0.66	25.06	5	3.1	0	-1		0.2092	0.1396629275553585	10.0	1.0081415481154847	False	D	0.5111111111111111	4				high	True	85	71	ABC_peptide_binding;response_regulator;sensor_histidine_kinase	True	False	True	False	4.0	3	237
284_177_086	ITGA4	receptor	P13612	0.349	0.303	0.037	0.611	27.33	5	16.8	0	-1		0.2299999999999999	0.0937384066905816	10.0	1.2694903210036794	False	D	0.0	29				high	True	85	26	response_regulator;sensor_histidine_kinase	True	False	False	False	4.0	3	238
242_897_338	ITGA4	receptor	P13612	0.345	0.324	0.013	0.617	27.36	5	15.4	0	-1		0.2134999999999999	0.1076798237574915	10.0	1.2212129943317371	False	D	0.0	44				high	True	81	83	response_regulator;sensor_histidine_kinase	True	False	False	False	4.0	3	239
280_251_055	GLP1R	receptor	P43220	0.344	0.308	0.021	0.566	22.63	5	1.4	0	-1		0.2194999999999999	0.0913409364231978	10.0	1.3630252204025006	False	D	0.0	3				medium	True	92	4		False	True	False	False	4.0	3	240
277_306_595	IL6R	receptor	P08887	0.34	0.326	0.008	0.675	23.57	5	3.7	0	-1		0.1984999999999999	0.0593600127283604	10.0	2.38375959667535	False	D	0.2337662337662337	3				high	True	77	86	response_regulator;sensor_histidine_kinase	True	False	True	False	4.0	3	241
185_428_454	GPR35	receptor	Q9HC97	0.34	0.291	0.071	0.712	21.36	5	10.3	0	-1		0.2331	0.1095196075798504	10.0	0.9760809261671202	False	D	0.0	22				high	True	75	36		False	True	False	False	4.0	3	242
272_121_528	FPR1	receptor	P21462	0.339	0.325	0.012	0.718	23.17	5	3.7	0	-1		0.2246999999999999	0.1248252556354059	10.0	0.9156800794692668	False	D	0.0	4				medium	True	79	17		False	True	False	False	4.0	3	243
195_124_613	IL7R	receptor	P16871	0.338	0.32	0.018	0.699	22.26	5	2.3	0	-1		0.2043	0.0579751862629368	10.0	2.3061590417946363	False	D	0.9565217391304348	7				high	True	92	121	ABC_peptide_binding;bacteriocin_immunity;quorum;response_regulator;sensor_histidine_kinase	True	False	True	False	4.0	3	244
281_941_342	IL6R	receptor	P08887	0.338	0.322	0.011	0.674	23.64	5	3.9	0	-1		0.2555	0.1732462922482838	10.0	0.4762006674392031	False	D	0.0	22				high	True	98	18		False	True	False	False	4.0	3	245
096_045_315	IL6R	receptor	P08887	0.336	0.287	0.073	0.667	23.62	5	4.0	0	-1		0.2037	0.0844486036987389	10.0	1.566633362843578	False	D	0.974025974025974	35				medium	True	81	41		False	True	True	False	4.0	3	246
245_331_499	ITGA4	receptor	P13612	0.333	0.278	0.065	0.608	27.47	5	17.3	0	-1		0.1664	0.0902185001968985	10.0	1.8466279048798384	False	D	0.6470588235294117	31				high	True	72	37	response_regulator;sensor_histidine_kinase	True	False	True	False	4.0	3	247
245_339_771	TLR2	receptor	O60603	0.332	0.289	0.041	0.818	23.89	5	7.8	0	-1		0.1934	0.0671816773962795	10.0	2.0630625100717643	False	D	0.5108695652173914	57				high	True	97	1		False	True	True	False	4.0	3	248
250_893_905	ITGA4	receptor	P13612	0.332	0.3	0.017	0.603	27.62	5	16.6	0	-1		0.1885	0.0871668260036784	10.0	1.64626850120646	False	D	0.141025641025641	27				high	True	72	104	response_regulator	True	False	True	False	4.0	3	249
155_907_588	ITGA4	receptor	P13612	0.327	0.309	0.016	0.613	27.44	5	17.2	0	-1		0.2065	0.0992552825350424	10.0	1.2140411766744708	False	D	0.0	3				medium	True	66	21		False	True	False	False	4.0	3	250
269_105_115	ITGA4	receptor	P13612	0.327	0.305	0.021	0.612	27.55	5	17.7	0	-1		0.1976	0.0815736885684757	10.0	1.5862958053119944	False	D	0.0	5				high	True	89	58	ABC_peptide_binding;response_regulator;sensor_histidine_kinase	True	False	False	False	4.0	3	251
272_042_331	ITGA4	receptor	P13612	0.326	0.297	0.032	0.61	27.83	5	15.5	0	-1		0.2708	0.1432269372553765	10.0	0.3854023625568231	False	D	0.1139240506329114	2				high	True	79	4		False	True	True	False	4.0	3	252
272_664_908	IL6R	receptor	P08887	0.325	0.275	0.054	0.675	24.36	5	12.0	0	-1		0.2245	0.1195986343288807	10.0	0.8403105985611679	False	D	0.0	1				medium	True	85	191	response_regulator;sensor_histidine_kinase	True	False	False	False	4.0	3	253
282_887_213	ITGA4	receptor	P13612	0.324	0.312	0.009	0.615	27.62	5	17.2	0	-1		0.24	0.1002075623670966	10.0	0.8382600875199177	False	D	0.0	25				high	True	74	7	response_regulator;sensor_histidine_kinase	True	False	False	False	4.0	3	254
278_797_527	ITGA4	receptor	P13612	0.323	0.312	0.015	0.609	27.78	5	17.8	0	-1		0.2112	0.0914327925612882	10.0	1.2227560470173706	False	D	0.0	3				high	True	85	57	response_regulator	True	False	False	False	4.0	3	255
132_966_928	ITGA4	receptor	P13612	0.321	0.308	0.016	0.612	27.6	5	17.4	0	-1		0.1737	0.063723447629407	10.0	2.3115510142615725	False	D	0.3947368421052631	67				medium	True	69	3		False	True	True	False	4.0	3	256
093_305_050	TLR2	receptor	O60603	0.321	0.297	0.018	0.832	24.01	5	7.0	0	-1		0.2291	0.0859527648058966	10.0	1.0691919010113728	False	D	0.4074074074074074	55				high	True	85	98	response_regulator;sensor_histidine_kinase	True	False	True	False	4.0	3	257
282_766_827	TLR2	receptor	O60603	0.319	0.306	0.013	0.827	24.51	5	7.5	0	-1		0.2132	0.0582500357653681	10.0	1.8163078976665992	False	D	0.0	11				medium	True	91	72	response_regulator;sensor_histidine_kinase	True	False	False	False	4.0	3	258
278_148_905	ITGA4	receptor	P13612	0.318	0.293	0.013	0.607	27.72	5	17.6	0	-1		0.1861	0.0528213971795521	10.0	2.4970941141833376	False	D	0.0	10				high	True	96	90		False	True	False	False	4.0	3	259
282_378_679	ITGA4	receptor	P13612	0.314	0.286	0.03	0.604	27.47	5	17.0	0	-1		0.2249	0.0752232972186439	10.0	1.1844734715765255	False	D	0.5844155844155844	5				high	True	77	35		False	True	True	False	4.0	3	260
132_966_473	FPR2	receptor	P25090	0.312	0.294	0.013	0.727	23.35	5	3.7	0	-1		0.1681	0.0763245264206292	10.0	1.8853703619064477	False	D	0.1333333333333333	61				medium	True	91	13		False	True	True	False	4.0	3	261
265_449_334	IL7R	receptor	P16871	0.311	0.271	0.037	0.727	21.24	5	2.0	0	-1		0.2307999999999999	0.0682638671300971	10.0	1.1748528668490903	False	D	0.2619047619047618	2				high	True	90	33	RRNPP_regulator;response_regulator	True	False	True	False	4.0	3	262
240_656_728	ITGA4	receptor	P13612	0.31	0.288	0.02	0.615	27.95	5	17.6	0	-1		0.1861	0.1506551986786015	10.0	0.822407730278997	False	D	0.0	8				high	True	88	92	quorum	True	False	False	False	4.0	3	263
246_126_075	IL6R	receptor	P08887	0.31	0.285	0.02	0.68	24.27	5	3.4	0	-1		0.177	0.0813469933884057	10.0	1.634971305761329	False	D	0.15	18				medium	True	63	2		False	True	True	False	4.0	3	264
249_970_180	FPR2	receptor	P25090	0.309	0.294	0.009	0.758	23.17	5	3.6	0	-1		0.2393	0.1548598290928498	10.0	0.4500844435144617	False	D	0.0	9				medium	True	76	113	sensor_histidine_kinase	True	False	False	False	4.0	3	265
258_379_956	EGFR	receptor	P00533	0.307	0.249	0.067	0.548	27.51	5	8.4	0	-1		0.2114999999999999	0.0757499541620689	10.0	1.2607268354997985	False	D	0.6865671641791045	8				high	True	74	80	response_regulator;sensor_histidine_kinase	True	False	True	False	4.0	3	266
163_080_310	TLR2	receptor	O60603	0.307	0.278	0.016	0.828	24.63	5	7.5	0	-1		0.2079	0.0749954813453599	10.0	1.3214129467832458	False	D	0.4468085106382978	6	0.674	2.937947346809498	D_none	low	True	99	53		False	True	True	False	4.0	3	267
245_312_598	FPR2	receptor	P25090	0.304	0.292	0.014	0.735	23.55	5	3.7	0	-1		0.1964999999999999	0.1035334084567231	10.0	1.0383121892962206	False	D	0.7066666666666667	10				high	True	79	58		False	True	True	False	4.0	3	268
040_462_402	ITGA4	receptor	P13612	0.304	0.238	0.067	0.608	27.53	5	16.7	0	-1		0.1921	0.0652353857622958	10.0	1.7153267155917529	False	D	0.8791208791208791	81				medium	True	92	78	RRNPP_regulator;response_regulator	True	False	True	False	4.0	3	269
128_926_971	TLR2	receptor	O60603	0.303	0.273	0.016	0.825	24.16	5	7.4	0	-1		0.2244	0.1361732556545357	10.0	0.5772058516350964	False	D	0.0	0				medium	True	88	25		False	True	False	False	4.0	3	270
081_875_337	ITGA4	receptor	P13612	0.303	0.289	0.012	0.606	27.97	5	17.6	0	-1		0.193	0.089555693410426	10.0	1.2282859504630206	False	D	0.0	9				high	True	82	3		False	True	False	False	4.0	3	271
245_233_686	TLR2	receptor	O60603	0.301	0.265	0.021	0.827	24.93	5	7.6	0	-1		0.1902	0.0602214432093936	10.0	1.839876198495304	False	D	0.8571428571428572	39				high	True	63	1		False	True	True	False	4.0	3	272
269_205_045	IL6R	receptor	P08887	0.3	0.293	0.006	0.657	24.82	5	3.9	0	-1		0.2032	0.0606754572385829	10.0	1.5953732267623646	False	D	0.2134831460674157	10				medium	True	95	29		False	True	True	False	4.0	3	273
283_160_272	IL6R	receptor	P08887	0.299	0.292	0.005	0.669	24.15	5	3.6	0	-1		0.1488	0.0653431965344008	10.0	2.298632573337992	False	D	0.0	1				medium	True	78	80		False	True	False	False	4.0	3	274
272_990_998	TLR2	receptor	O60603	0.298	0.259	0.028	0.815	24.74	5	7.5	0	-1		0.1964999999999999	0.1120904892387297	10.0	0.9055183958009664	False	D	0.7708333333333334	56				high	True	96	45		False	True	True	False	4.0	3	275
271_016_088	FPR2	receptor	P25090	0.296	0.263	0.029	0.725	23.62	5	13.6	0	-1		0.2173999999999999	0.089949615526323	10.0	0.873822523199094	False	D	0.2045454545454545	33				high	True	97	2		False	True	True	False	4.0	3	276
091_992_558	FPR1	receptor	P21462	0.296	0.235	0.061	0.651	24.05	5	3.7	0	-1		0.1296999999999999	0.0722311874777401	10.0	2.302329586527281	False	D	0.2604166666666666	60				high	True	97	3		False	True	True	False	4.0	3	277
093_160_663	IL7R	receptor	P16871	0.294	0.232	0.053	0.741	24.06	5	1.9	0	-1		0.1716	0.0734048136477892	10.0	1.6674655777657754	False	D	0.6976744186046512	39				medium	True	87	3		False	True	True	False	4.0	3	278
250_280_632	ITGA4	receptor	P13612	0.294	0.274	0.013	0.604	28.1	5	17.4	0	-1		0.2522	0.1582015592000702	10.0	0.2642198990411811	False	D	0.1071428571428571	87				high	True	90	67	response_regulator	True	False	True	False	4.0	3	279
287_312_496	TLR2	receptor	O60603	0.294	0.259	0.026	0.824	25.17	5	8.1	0	-1		0.2084	0.077431259837355	10.0	1.1054966712385077	False	D	0.0	4				high	True	94	65	response_regulator;sensor_histidine_kinase	True	False	False	False	4.0	3	280
266_997_670	TLR2	receptor	O60603	0.293	0.273	0.014	0.822	24.38	5	7.5	0	-1		0.2166	0.1202406845548636	10.0	0.6353922574778762	False	D	0.0	3				medium	True	91	59	sensor_histidine_kinase	True	False	False	False	4.0	3	281
243_512_251	ITGA4	receptor	P13612	0.293	0.276	0.013	0.614	28.23	5	17.6	0	-1		0.1853	0.0812199346083077	10.0	1.3260291395135368	False	D	0.7088607594936709	7				medium	True	81	74	RRNPP_regulator;sensor_histidine_kinase	True	False	True	False	4.0	3	282
270_836_769	ITGA4	receptor	P13612	0.292	0.274	0.014	0.602	28.03	5	16.7	0	-1		0.1694	0.0703186398553833	10.0	1.7434921985427756	False	D	0.6785714285714286	9				medium	True	91	32	response_regulator;sensor_histidine_kinase	True	False	True	False	4.0	3	283
279_088_117	ITGA4	receptor	P13612	0.29	0.278	0.007	0.609	28.16	5	17.8	0	-1		0.2158	0.0987013452570711	10.0	0.7517628033006388	False	D	0.0	2				medium	True	81	41	response_regulator	True	False	False	False	4.0	3	284
201_127_241	CXCR4	receptor	P61073	0.288	0.275	0.009	0.657	26.0	5	3.9	0	-1		0.2476	0.1373440125297705	10.0	0.2941518836960069	False	D	0.7444444444444445	117				high	True	97	14	RRNPP_regulator;response_regulator;sensor_histidine_kinase	True	False	True	False	4.0	3	285
160_013_028	FPR2	receptor	P25090	0.287	0.274	0.013	0.747	23.78	5	12.4	0	-1		0.1796	0.0816580947882354	10.0	1.3152400907530502	False	D	0.2941176470588235	4				high	True	71	56	response_regulator	True	False	True	False	4.0	3	286
061_389_449	ITGA4	receptor	P13612	0.282	0.271	0.019	0.604	28.2	5	18.0	0	-1		0.1898	0.0618848392850246	10.0	1.489864093778315	False	D	0.9523809523809524	91				medium	True	85	44	RRNPP_regulator	True	False	True	False	4.0	3	287
093_318_846	FPR2	receptor	P25090	0.28	0.261	0.021	0.73	24.05	5	3.7	0	-1		0.1556	0.0475422619010356	10.0	2.6166192988241073	False	D	0.3194444444444444	59				high	True	79	42	response_regulator;sensor_histidine_kinase	True	False	True	False	4.0	3	288
098_823_073	ITGA4	receptor	P13612	0.277	0.266	0.009	0.603	28.5	5	17.4	0	-1		0.1709999999999999	0.0683520299625402	10.0	1.5507952003487304	False	D	0.0	9				medium	True	71	1		False	True	False	False	4.0	3	289
285_470_021	CXCR4	receptor	P61073	0.262	0.216	0.074	0.658	24.77	5	3.8	0	-1		0.2146999999999999	0.0797733595186318	10.0	0.5929297736163747	False	D	0.0	0				high	True	92	54		False	True	False	False	4.0	3	290
092_027_757	TLR2	receptor	O60603	0.26	0.216	0.057	0.819	25.41	5	7.7	0	-1		0.2198999999999999	0.1090274685062846	10.0	0.3677972216486761	False	D	0.5	105				medium	True	86	33	RRNPP_regulator	True	False	True	False	4.0	3	291
277_988_100	TLR2	receptor	O60603	0.259	0.212	0.029	0.818	25.82	5	7.4	0	-1		0.1548	0.0487437745312727	10.0	2.1377088869707443	False	D	0.2073170731707316	0				medium	True	87	32		False	True	True	False	4.0	3	292
283_116_393	EGFR	receptor	P00533	0.257	0.193	0.052	0.549	28.34	5	8.8	0	-1		0.1645	0.0444578452019438	10.0	2.080622656807389	False	D	0.3837209302325581	2				high	True	94	20		False	True	True	False	4.0	3	293
255_806_848	ITGA4	receptor	P13612	0.254	0.25	0.002	0.604	28.9	5	17.2	0	-1		0.2527	0.1871256559403629	10.0	0.0069472034364666	False	D	0.5638297872340425	89				medium	True	96	32	RRNPP_regulator	True	False	True	False	4.0	3	294
078_375_406	ITGA4	receptor	P13612	0.251	0.234	0.009	0.601	28.85	5	17.9	0	-1		0.1762	0.0906186147175807	10.0	0.8254374692563937	False	D	0.0	6				high	True	98	56		False	True	False	False	4.0	3	295
284_602_841	EGFR	receptor	P00533	0.242	0.213	0.023	0.542	27.55	5	8.7	0	-1		0.1591	0.0578281938158196	10.0	1.4335567917620429	False	D	0.0	1				medium	True	86	34		False	True	False	False	4.0	3	296
245_404_201	FPR2	receptor	P25090	0.225	0.192	0.018	0.721	25.28	5	3.8	0	-1		0.1261	0.0518383170165767	10.0	1.9078551483138224	False	D	0.4756097560975609	4				medium	True	82	24		False	True	True	False	4.0	3	297
